key,0,1,2,3,4,5,6
#,file,priority,disablerestarttimeout,disablerestart,passend,disablerestartresettime,specialmode
int32,str,byte,bit&01,bit&02,bit&04,single,byte
0,"",0,false,false,true,90,0
1,"music/ffxiv/bgm_null.scd",0,false,false,true,90,0
2,"music/ffxiv/bgm_system_title.scd",1,false,false,true,90,0
3,"music/ffxiv/bgm_system_launcher.scd",1,false,false,true,90,0
4,"music/ffxiv/bgm_system_chara.scd",1,false,false,true,90,0
5,"music/ffxiv/bgm_town_rest_01.scd",1,false,false,true,90,0
6,"music/ffxiv/bgm_town_gri_day.scd",1,false,false,true,90,0
7,"music/ffxiv/bgm_town_gri_night.scd",1,false,false,true,90,0
8,"music/ffxiv/bgm_field_gri_01.scd",1,true,true,false,90,0
9,"music/ffxiv/bgm_field_gri_02.scd",1,false,true,true,35,0
10,"music/ffxiv/bgm_field_gri_03.scd",1,false,true,true,120,0
11,"music/ffxiv/bgm_field_gri_04.scd",1,false,true,true,120,0
12,"music/ffxiv/bgm_field_gri_05.scd",1,false,true,true,120,0
13,"music/ffxiv/bgm_battle_gri_01.scd",2,false,false,true,90,0
14,"music/ffxiv/bgm_leves.scd",1,false,false,true,90,0
15,"music/ffxiv/bgm_dungeon_gri_01.scd",1,true,true,false,90,0
16,"music/ffxiv/bgm_battle_dungeon_01.scd",2,false,false,true,90,0
17,"music/ffxiv/bgm_rade_01.scd",1,false,false,true,90,1
18,"music/ffxiv/bgm_system_winloop.scd",1,false,false,true,90,0
19,"music/ffxiv/bgm_event_op01.scd",1,false,false,true,90,0
20,"music/ffxiv/bgm_system_winshot_01.scd",1,false,false,true,90,0
21,"music/ffxiv/bgm_system_winshot_02.scd",1,false,false,true,90,0
22,"music/ffxiv/bgm_system_winshot_03.scd",1,false,false,true,90,0
23,"music/ffxiv/bgm_system_winshot_04.scd",1,false,false,true,90,0
24,"music/ffxiv/bgm_field_gri_06.scd",1,false,true,true,120,0
25,"music/ffxiv/bgm_town_lim_day.scd",1,false,false,true,90,0
26,"music/ffxiv/bgm_town_lim_night.scd",1,false,false,true,90,0
27,"music/ffxiv/bgm_field_lim_01.scd",1,true,true,false,90,0
28,"music/ffxiv/bgm_field_lim_02.scd",1,false,true,true,120,0
29,"music/ffxiv/bgm_field_lim_03.scd",1,false,true,true,120,0
30,"music/ffxiv/bgm_field_lim_04.scd",1,false,true,true,120,0
31,"music/ffxiv/bgm_field_lim_05.scd",1,false,true,true,45,0
32,"music/ffxiv/bgm_field_lim_06.scd",1,false,true,true,120,0
33,"music/ffxiv/bgm_battle_lim_01.scd",1,false,false,true,90,0
34,"music/ffxiv/bgm_leves_lim_01.scd",1,false,false,true,90,0
35,"music/ffxiv/bgm_dungeon_lim_01.scd",1,true,true,false,90,0
36,"music/ffxiv/bgm_boss_01.scd",1,false,false,true,90,0
37,"music/ffxiv/bgm_boss_02.scd",1,false,false,true,90,0
38,"music/ffxiv/bgm_boss_03.scd",1,false,false,true,90,0
39,"music/ffxiv/bgm_boss_04.scd",1,false,false,true,90,0
40,"music/ffxiv/bgm_behest.scd",1,false,false,true,90,0
41,"music/ffxiv/bgm_dungeon_gri_02.scd",1,true,true,false,90,0
42,"music/ffxiv/bgm_dungeon_gri_03.scd",1,true,true,false,90,0
43,"music/ffxiv/bgm_dungeon_lim_02.scd",1,true,true,false,90,0
44,"music/ffxiv/bgm_town_uru_day.scd",1,false,false,true,90,0
45,"music/ffxiv/bgm_town_uru_night.scd",1,false,false,true,90,0
46,"music/ffxiv/bgm_field_uru_01.scd",1,true,true,false,90,0
47,"music/ffxiv/bgm_field_uru_02.scd",1,false,true,true,120,0
48,"music/ffxiv/bgm_field_uru_03.scd",1,false,true,true,120,0
49,"music/ffxiv/bgm_field_uru_04.scd",1,false,true,true,25,0
50,"music/ffxiv/bgm_field_uru_05.scd",1,false,true,true,120,0
51,"music/ffxiv/bgm_field_uru_06.scd",1,false,true,true,120,0
52,"music/ffxiv/bgm_battle_uru_01.scd",1,false,false,true,90,0
53,"music/ffxiv/bgm_dungeon_uru_01.scd",1,true,true,false,90,0
54,"music/ffxiv/bgm_dungeon_uru_02.scd",1,true,true,false,90,0
55,"music/ffxiv/bgm_field_safe1.scd",1,false,true,true,105,0
56,"music/ffxiv/bgm_field_safe2.scd",1,true,true,true,105,0
57,"music/ffxiv/bgm_field_danger1.scd",1,false,true,true,90,0
58,"music/ffxiv/bgm_field_danger2.scd",1,false,true,true,90,0
59,"music/ffxiv/bgm_field_danger3.scd",1,false,true,false,90,0
60,"music/ffxiv/bgm_field_mor_01.scd",1,false,true,true,120,0
61,"music/ffxiv/bgm_ride_rchocobo.scd",1,false,false,true,90,2
62,"music/ffxiv/bgm_ride_chocobo.scd",1,false,false,true,90,2
63,"music/ffxiv/bgm_company_gri.scd",1,false,false,true,90,0
64,"music/ffxiv/bgm_company_lim.scd",1,false,false,true,90,0
65,"music/ffxiv/bgm_company_uru.scd",1,false,false,true,90,0
66,"music/ffxiv/bgm_field_suna.scd",1,false,false,true,90,0
67,"music/ffxiv/bgm_leves_easy.scd",1,false,false,true,90,0
68,"music/ffxiv/bgm_fate_kyoten.scd",1,false,false,true,90,0
69,"music/ffxiv/bgm_fate_bouei.scd",1,false,false,true,90,0
70,"music/ffxiv/bgm_event_startgri.scd",1,false,false,true,90,0
71,"music/ffxiv/bgm_event_startlim.scd",1,false,false,true,90,0
72,"music/ffxiv/bgm_event_startluru.scd",1,false,false,true,90,0
73,"music/ffxiv/bgm_event_kanue.scd",1,false,false,true,90,0
74,"music/ffxiv/bgm_event_rauburn.scd",1,false,false,true,90,0
75,"music/ffxiv/bgm_event_melvib.scd",1,false,false,true,90,0
76,"music/ffxiv/bgm_event_teikoku.scd",1,false,false,true,90,0
77,"music/ffxiv/bgm_event_protector.scd",1,false,false,true,90,0
78,"music/ffxiv/bgm_event_huon.scd",1,false,false,true,90,0
79,"music/ffxiv/bgm_event_banactivity.scd",1,false,false,true,90,0
80,"music/ffxiv/bgm_event_mystery.scd",1,false,false,true,90,0
81,"music/ffxiv/bgm_event_crystal.scd",1,false,false,true,90,0
82,"music/ffxiv/bgm_event_heroreturn.scd",1,false,false,true,90,0
83,"music/ffxiv/bgm_event_battleoverture.scd",1,false,false,true,90,0
84,"music/ffxiv/bgm_event_sad.scd",1,false,false,true,90,0
85,"music/ffxiv/bgm_event_keikaku.scd",1,false,false,true,90,0
86,"music/ffxiv/bgm_event_buki.scd",1,false,false,true,90,0
87,"music/ffxiv/bgm_event_tanoshii1.scd",1,false,false,true,90,0
88,"music/ffxiv/bgm_event_tanoshii2.scd",1,false,false,true,90,0
89,"music/ffxiv/bgm_event_tabidachi.scd",1,false,false,true,90,0
90,"music/ffxiv/bgm_event_jobevent.scd",1,false,false,true,90,0
91,"music/ffxiv/bgm_event_jobshiren.scd",1,false,false,true,90,0
92,"music/ffxiv/bgm_event_kako.scd",1,false,false,true,90,0
93,"music/ffxiv/bgm_event_ansoku1.scd",1,false,false,true,90,0
94,"music/ffxiv/bgm_event_ascian.scd",1,false,false,true,90,0
95,"music/ffxiv/bgm_event_7thumbralera.scd",1,false,false,true,90,0
96,"music/ffxiv/bgm_event_verysad.scd",1,false,false,true,90,0
97,"music/ffxiv/bgm_event_truth.scd",1,false,false,true,90,0
98,"music/ffxiv/bgm_event_ansoku2.scd",1,false,false,true,90,0
99,"music/ffxiv/bgm_event_memoryofcid.scd",1,false,false,true,90,0
100,"music/ffxiv/bgm_event_bazaar.scd",1,false,false,true,90,0
101,"music/ffxiv/bgm_event_craft.scd",1,false,false,true,90,0
102,"music/ffxiv/bgm_event_nego.scd",1,false,false,true,90,0
103,"music/ffxiv/bgm_event_hildy.scd",1,false,false,true,90,0
104,"music/ffxiv/bgm_event_grandfatherlvup.scd",1,false,false,true,90,0
105,"music/ffxiv/bgm_event_saisyu.scd",1,false,false,true,90,0
106,"music/ffxiv/bgm_event_crystalharponly.scd",1,false,false,true,90,0
107,"music/ffxiv/bgm_event_battlecommon_01.scd",1,false,false,true,90,0
108,"music/ffxiv/bgm_event_ff2bossbattle.scd",1,false,false,true,90,0
109,"music/ffxiv/bgm_event_kessen.scd",1,false,false,true,90,0
110,"music/ffxiv/bgm_field_lim_07.scd",1,false,true,true,90,0
111,"music/ffxiv/bgm_field_lim_08.scd",1,false,true,true,90,0
112,"music/ffxiv/bgm_event_darknesslullaby.scd",1,false,false,true,90,0
113,"music/ffxiv/bgm_event_battlecommon_02.scd",1,false,false,true,90,0
114,"music/ffxiv/bgm_event_kincho.scd",1,false,false,true,90,0
115,"music/ffxiv/bgm_fate_mid.scd",1,false,false,true,90,0
116,"music/ffxiv/bgm_battle_dungeon_02.scd",2,false,false,true,90,0
117,"music/ffxiv/bgm_event_treacherous.scd",1,false,false,true,90,0
118,"music/ffxiv/bgm_field_bar.scd",1,false,false,true,90,0
119,"music/ffxiv/bgm_field_lim_beach.scd",1,false,false,true,90,0
120,"music/ffxiv/bgm_ban_ifrit.scd",1,false,false,true,90,0
121,"music/ffxiv/bgm_ride_commonmonster.scd",1,false,false,true,90,2
122,"music/ffxiv/bgm_dungeon_gri_04.scd",1,true,true,false,90,0
123,"music/ffxiv/bgm_dungeon_lim_03.scd",1,true,true,false,90,0
124,"music/ffxiv/bgm_dungeon_uru_03.scd",1,true,true,false,90,0
125,"music/ffxiv/bgm_dungeon_uru_04.scd",1,true,true,false,90,0
126,"music/ffxiv/bgm_dungeon_ish_01.scd",1,true,true,false,90,0
127,"music/ffxiv/bgm_dungeon_ish_02.scd",1,true,true,false,90,0
128,"music/ffxiv/bgm_dungeon_ish_03.scd",1,true,true,false,90,0
129,"music/ffxiv/bgm_event_enterprise.scd",1,false,false,true,90,0
130,"music/ffxiv/bgm_event_fuan.scd",1,false,false,true,90,0
131,"music/ffxiv/bgm_event_blow.scd",1,false,false,true,90,0
132,"music/ffxiv/bgm_system_endcredit01.scd",1,false,false,true,90,0
133,"music/ffxiv/bgm_system_endcredit02.scd",1,false,false,true,90,0
134,"music/ffxiv/bgm_field_banfort_sylph.scd",1,false,false,true,90,0
135,"music/ffxiv/bgm_field_banfort_ixal.scd",1,false,false,true,90,0
136,"music/ffxiv/bgm_field_banfort_kobold.scd",1,false,false,true,90,0
137,"music/ffxiv/bgm_field_banfort_sahagin.scd",1,false,false,true,90,0
138,"music/ffxiv/bgm_field_banfort_amaruja.scd",1,false,false,true,90,0
139,"music/ffxiv/bgm_field_pvp.scd",1,false,false,true,90,0
140,"music/ffxiv/bgm_field_lim_housing.scd",1,false,false,true,90,0
141,"music/ffxiv/bgm_field_ish_01.scd",1,false,true,true,120,0
142,"music/ffxiv/bgm_field_ish_02.scd",1,false,true,true,35,0
143,"music/ffxiv/bgm_field_ish_03.scd",1,false,true,true,60,0
144,"music/ffxiv/bgm_battle_ish_01.scd",2,false,false,true,90,0
145,"music/ffxiv/bgm_battle_mor_01.scd",2,false,false,true,90,0
146,"music/ffxiv/bgm_con_bahamut.scd",1,false,false,true,90,1
147,"music/ffxiv/bgm_con_bahamut_boss.scd",1,false,false,true,90,0
148,"music/ffxiv/bgm_con_teikoku_01.scd",1,false,false,true,90,0
149,"music/ffxiv/bgm_con_teikoku_02.scd",1,false,false,true,90,0
150,"music/ffxiv/bgm_con_altima.scd",1,false,false,true,90,0
151,"music/ffxiv/bgm_con_teikoku_boss.scd",1,false,false,true,90,0
152,"music/ffxiv/bgm_con_teikoku_gaius.scd",1,false,false,true,90,0
153,"music/ffxiv/bgm_fate_odin.scd",1,false,false,true,90,0
154,"music/ffxiv/bgm_fate_hmn.scd",1,false,false,true,90,0
155,"music/ffxiv/bgm_ban_garuda.scd",1,false,false,true,90,0
156,"music/ffxiv/bgm_ban_titan.scd",1,false,false,true,90,0
157,"music/ffxiv/bgm_ban_titan_pre1.scd",1,false,false,true,90,0
158,"music/ffxiv/bgm_ban_titan_pre2.scd",1,false,false,true,90,0
159,"music/ffxiv/bgm_ban_titan_pre3.scd",1,false,false,true,90,0
160,"music/ffxiv/bgm_ban_titan_pre4.scd",1,false,false,true,90,0
161,"music/ffxiv/bgm_event_escape.scd",1,false,false,true,90,0
162,"music/ffxiv/bgm_event_perfectaltima.scd",1,false,false,true,90,0
163,"music/ffxiv/bgm_fate_ffxiii01.scd",1,false,false,true,90,0
164,"music/ffxiv/bgm_fate_ffxiii02.scd",1,false,false,true,90,0
165,"music/ffxiv/bgm_con_teikoku_01_sido.scd",1,false,false,true,90,0
166,"music/ffxiv/bgm_fate_bombard.scd",1,false,false,true,90,0
167,"music/ffxiv/bgm_field_gri_01.scd",1,true,true,true,300,0
168,"music/ffxiv/bgm_field_lim_01.scd",1,true,true,true,300,0
169,"music/ffxiv/bgm_field_uru_01.scd",1,true,true,true,300,0
170,"music/ffxiv/bgm_field_mor_02.scd",1,false,true,true,120,0
171,"music/ffxiv/bgm_fate_bouei2.scd",1,false,false,true,90,0
172,"music/ffxiv/bgm_ride_coolmount.scd",1,false,false,true,90,0
173,"music/ffxiv/bgm_con_ascian.scd",1,false,false,true,90,0
174,"music/ffxiv/bgm_season_halloween.scd",1,false,false,true,90,0
175,"music/ffxiv/bgm_season_christmas.scd",1,false,false,true,90,0
176,"music/ffxiv/bgm_season_newyear.scd",1,false,false,true,90,0
177,"music/ffxiv/bgm_fate_ffxi01.scd",1,false,false,true,90,0
178,"music/ffxiv/bgm_ban_moogle_nomal.scd",1,false,false,true,90,0
179,"music/ffxiv/bgm_ban_moogle_king.scd",1,false,false,true,90,0
180,"music/ffxiv/bgm_con_crystaltower_01.scd",1,false,false,true,90,1
181,"music/ffxiv/bgm_con_crystaltower_boss_01.scd",1,false,false,true,90,0
182,"music/ffxiv/bgm_event_nexthildy.scd",1,false,false,true,90,0
183,"music/ffxiv/bgm_field_mor_03.scd",1,false,false,true,90,0
184,"music/ffxiv/bgm_field_mor_04.scd",1,false,false,true,90,0
185,"music/ffxiv/bgm_dungeon_lim_04.scd",1,false,false,true,90,0
186,"music/ffxiv/bgm_field_housing_day.scd",1,false,false,true,90,0
187,"music/ffxiv/bgm_field_housing_night.scd",1,false,false,true,90,0
188,"music/ffxiv/bgm_field_bancolony_sylph.scd",1,false,false,true,90,0
189,"music/ffxiv/bgm_field_bancolony_amaruja.scd",1,false,false,true,90,0
190,"music/ffxiv/bgm_event_marvellous.scd",1,false,false,true,90,0
191,"music/ffxiv/bgm_event_barbar.scd",1,false,false,true,90,0
192,"music/ffxiv/bgm_fate_ff2.scd",1,false,false,true,90,0
193,"music/ffxiv/bgm_ride_debuchocobo.scd",1,false,false,true,90,2
194,"music/ffxiv/bgm_field_bancolony_kobold.scd",1,false,false,true,90,0
195,"music/ffxiv/bgm_field_bancolony_sahagin.scd",1,false,false,true,90,0
196,"music/ffxiv/bgm_season_easter.scd",1,false,false,true,90,0
197,"music/ffxiv/bgm_dungeon_gri_05.scd",1,false,false,true,90,0
198,"music/ffxiv/bgm_con_neal.scd",1,false,false,true,90,0
199,"music/ffxiv/bgm_con_carteneaubattle.scd",1,false,false,true,90,0
200,"music/ffxiv/bgm_ban_moogle_goku.scd",1,false,false,true,90,0
201,"music/ffxiv/bgm_event_clashonthebigbridge.scd",1,false,false,true,90,0
202,"music/ffxiv/bgm_con_bahamut_v2.scd",1,false,false,true,90,1
203,"music/ffxiv/bgm_ban_leviathan1.scd",1,false,false,true,90,0
204,"music/ffxiv/bgm_ban_leviathan2.scd",1,false,false,true,90,0
205,"music/ffxiv/bgm_event_neal.scd",1,false,false,true,90,0
206,"music/ffxiv/bgm_boss_05.scd",1,false,false,true,90,0
207,"music/ffxiv/bgm_dungeon_gri_06.scd",1,false,false,true,90,0
208,"music/ffxiv/bgm_dungeon_lim_05.scd",1,false,false,true,90,0
209,"music/ffxiv/bgm_dungeon_uru_06.scd",1,false,false,true,90,0
210,"music/ffxiv/bgm_dungeon_uru_05.scd",1,false,false,true,90,0
211,"music/ffxiv/bgm_event_sad2.scd",1,false,false,true,90,0
212,"music/ffxiv/bgm_event_unedoga.scd",1,false,false,true,90,0
213,"music/ffxiv/bgm_season_china01.scd",1,false,false,true,90,0
214,"music/ffxiv/bgm_season_summerfes.scd",1,false,false,true,90,0
215,"music/ffxiv/bgm_field_bancolony_ixal.scd",1,false,false,true,90,0
216,"music/ffxiv/bgm_dungeon_lim_06.scd",1,false,false,true,90,0
217,"music/ffxiv/bgm_dungeon_gri_07.scd",1,false,false,true,90,0
218,"music/ffxiv/bgm_con_crystaltower_02.scd",1,false,false,true,90,1
219,"music/ffxiv/bgm_pvp_intro.scd",1,false,false,true,90,0
220,"music/ffxiv/bgm_pvp_battle.scd",1,false,false,true,90,1
221,"music/ffxiv/bgm_ban_ramuh.scd",1,false,false,true,90,0
222,"music/ffxiv/bgm_minigame_puzzle.scd",1,false,false,true,90,0
223,"music/ffxiv/bgm_event_gendaishi.scd",1,false,false,true,90,0
224,"music/ffxiv/bgm_event_chocoboeducation.scd",1,false,false,true,90,0
225,"music/ffxiv/bgm_event_ishkyoko.scd",1,false,false,true,90,0
226,"music/ffxiv/bgm_season_answers.scd",1,false,false,true,90,0
227,"music/ffxiv/bgm_ban_odin.scd",1,false,false,true,90,0
228,"music/ffxiv/bgm_season_wedding.scd",1,false,false,true,90,0
229,"music/ffxiv/bgm_field_lim_ninja.scd",1,false,false,true,90,0
230,"music/ffxiv/bgm_ban_shiva1.scd",1,false,false,true,90,0
231,"music/ffxiv/bgm_ban_shiva2.scd",1,false,false,true,90,0
232,"music/ffxiv/bgm_event_orthros.scd",1,false,false,true,90,0
233,"music/ffxiv/bgm_dungeon_ish_04.scd",1,false,false,true,90,0
234,"music/ffxiv/bgm_dungeon_uru_07.scd",1,false,false,true,90,0
235,"music/ffxiv/bgm_dungeon_lim_07.scd",1,false,false,true,90,0
236,"music/ffxiv/bgm_con_bahamut_bigboss1.scd",1,false,false,true,90,0
237,"music/ffxiv/bgm_con_bahamut_bigboss2.scd",1,false,false,true,90,0
238,"music/ffxiv/bgm_con_bahamut_bigboss3.scd",1,false,false,true,90,0
239,"music/ffxiv/bgm_event_bahamut_4thnc.scd",1,false,false,true,90,0
240,"music/ffxiv/bgm_con_bahamut_bigboss0.scd",1,false,false,true,90,0
241,"music/ffxiv/bgm_event_uq.scd",1,false,false,true,90,0
242,"music/ffxiv/bgm_event_enkidu.scd",1,false,false,true,90,0
243,"music/ffxiv/bgm_dungeon_mor_01.scd",1,false,false,true,90,0
244,"music/ffxiv/bgm_dungeon_mor_02.scd",1,false,false,true,90,0
245,"music/ffxiv/bgm_dungeon_lim_08.scd",1,false,false,true,90,0
246,"music/ffxiv/bgm_dungeon_gri_08.scd",1,false,false,true,90,0
247,"music/ffxiv/bgm_con_crystaltower_03.scd",1,false,false,true,90,1
248,"music/ffxiv/bgm_con_crystaltower_boss_02.scd",1,false,false,true,90,0
249,"music/ffxiv/bgm_con_crystaltower_boss_03.scd",1,false,false,true,90,0
250,"music/ffxiv/bgm_glodsaucer_lobby.scd",1,false,false,true,90,0
251,"music/ffxiv/bgm_glodsaucer_gate.scd",1,false,false,true,90,0
252,"music/ffxiv/bgm_glodsaucer_race.scd",1,false,false,true,90,0
253,"music/ffxiv/bgm_glodsaucer_triple.scd",1,false,false,true,90,0
254,"music/ffxiv/bgm_con_ish_01.scd",1,false,false,true,90,0
255,"music/ffxiv/bgm_con_ish_02.scd",1,false,false,true,90,0
256,"music/ffxiv/bgm_boss_06.scd",1,false,false,true,90,0
257,"music/ffxiv/bgm_boss_07.scd",1,false,false,true,90,0
258,"music/ffxiv/bgm_chocoborace_win1st.scd",1,false,false,true,90,0
259,"music/ffxiv/bgm_chocoborace_win2nd.scd",1,false,false,true,90,0
260,"music/ffxiv/bgm_chocoborace_lose.scd",1,false,false,true,90,0
261,"music/ffxiv/bgm_chocoborace_fanfare.scd",1,false,false,true,90,0
262,"music/ffxiv/bgm_ride_magitekarmor.scd",1,false,false,true,90,2
263,"music/ffxiv/bgm_ride_odin.scd",1,false,false,true,90,2
264,"music/ffxiv/bgm_ride_shiva.scd",1,false,false,true,90,2
265,"music/ffxiv/bgm_ride_ramuh.scd",1,false,false,true,90,2
266,"music/ffxiv/bgm_ride_leviathan.scd",1,false,false,true,90,2
267,"music/ffxiv/bgm_ride_titan.scd",1,false,false,true,90,2
268,"music/ffxiv/bgm_ride_gruda.scd",1,false,false,true,90,2
269,"music/ffxiv/bgm_ride_ifrit.scd",1,false,false,true,90,2
270,"music/ex1/bgm_ex1_null.scd",0,false,false,true,90,0
271,"music/ex1/bgm_ex1_system_title.scd",1,false,false,true,90,0
272,"music/ex1/bgm_ex1_endcredit01.scd",1,false,false,true,90,0
273,"music/ex1/bgm_ex1_field_safe1.scd",1,false,true,true,35,0
274,"music/ex1/bgm_ex1_field_safe2.scd",1,false,true,true,35,0
275,"music/ex1/bgm_ex1_town_ish01_day.scd",1,false,false,true,90,0
276,"music/ex1/bgm_ex1_town_ish01_night.scd",1,false,false,true,90,0
277,"music/ex1/bgm_ex1_town_ish02_day.scd",1,false,false,true,90,0
278,"music/ex1/bgm_ex1_town_ish02_night.scd",1,false,false,true,90,0
279,"music/ex1/bgm_ex1_field_ishsebu02.scd",1,false,true,true,30,0
280,"music/ex1/bgm_ex1_field_ishsebu03.scd",1,false,true,true,30,0
281,"music/ex1/bgm_ex1_battle_ishsebu_01.scd",1,false,false,true,90,0
282,"music/ex1/bgm_ex1_field_dravaniah02.scd",1,false,true,true,30,0
283,"music/ex1/bgm_ex1_field_dravaniah03.scd",1,false,true,true,30,0
284,"music/ex1/bgm_ex1_battle_dravaniah_01.scd",1,false,false,true,90,0
285,"music/ex1/bgm_ex1_field_dravanial02.scd",1,false,true,true,30,0
286,"music/ex1/bgm_ex1_field_dravanial03.scd",1,false,true,true,30,0
287,"music/ex1/bgm_ex1_battle_dravanial_01.scd",1,false,false,true,90,0
288,"music/ex1/bgm_ex1_field_dravaniac02.scd",1,false,true,true,30,0
289,"music/ex1/bgm_ex1_field_dravaniac03.scd",1,false,true,true,30,0
290,"music/ex1/bgm_ex1_battle_dravaniac_01.scd",1,false,false,true,90,0
291,"music/ex1/bgm_ex1_field_abaracia02.scd",1,false,true,true,30,0
292,"music/ex1/bgm_ex1_field_abaracia03.scd",1,false,true,true,30,0
293,"music/ex1/bgm_ex1_battle_abaracia_01.scd",1,false,false,true,90,0
294,"music/ex1/bgm_ex1_field_magicc02.scd",1,false,true,true,30,0
295,"music/ex1/bgm_ex1_battle_magicc_01.scd",1,false,false,true,90,0
296,"music/ex1/bgm_ex1_rest_sharean.scd",1,false,false,true,90,0
297,"music/ex1/bgm_ex1_rest_sharean_night.scd",1,false,false,true,90,0
298,"music/ex1/bgm_ex1_rest_matoya.scd",1,false,false,true,90,0
299,"music/ex1/bgm_ex1_dungeon_ishsebu_01.scd",1,false,false,true,90,0
300,"music/ex1/bgm_ex1_dungeon_abaracia_01.scd",1,false,false,true,90,0
301,"music/ex1/bgm_ex1_dungeon_dravaniah_01.scd",1,false,false,true,90,0
302,"music/ex1/bgm_ex1_dungeon_dravaniac_01.scd",1,false,false,true,90,0
303,"music/ex1/bgm_ex1_dungeon_dravanial_01.scd",1,false,false,true,90,0
304,"music/ex1/bgm_ex1_dungeon_magicc_01.scd",1,false,false,true,90,0
305,"music/ex1/bgm_ex1_dungeon_kyoko.scd",1,false,false,true,90,0
306,"music/ex1/bgm_ex1_dungeon_kyoko_2.scd",1,false,false,true,90,0
307,"music/ex1/bgm_ex1_dungeon_kyoko_3.scd",1,false,false,true,90,0
308,"music/ex1/bgm_ex1_dungeon_magicc_02.scd",1,false,false,true,90,0
309,"music/ex1/bgm_ex1_boss_01.scd",1,false,false,true,90,0
310,"music/ex1/bgm_ex1_ban_ravana_01.scd",1,false,false,true,90,0
311,"music/ex1/bgm_ex1_ban_bismark_01.scd",1,false,false,true,90,0
312,"music/ex1/bgm_ex1_boss02.scd",1,false,false,true,90,0
313,"music/ex1/bgm_ex1_event_dragonwar.scd",1,false,false,true,90,0
314,"music/ex1/bgm_ex1_event_dragon.scd",1,false,false,true,90,0
315,"music/ex1/bgm_ex1_event_soten.scd",1,false,false,true,90,0
316,"music/ex1/bgm_ex1_event_ishwar.scd",1,false,false,true,90,0
317,"music/ex1/bgm_ex1_event_strategy.scd",1,false,false,true,90,0
318,"music/ex1/bgm_ex1_event_start.scd",1,false,false,true,90,0
319,"music/ffxiv/bgm_ex1_ride_flyingmount.scd",1,false,false,true,90,2
320,"music/ex1/bgm_ex1_event_ishdragonhead.scd",1,false,false,true,90,0
321,"music/ex1/bgm_ex1_fate01.scd",1,false,false,true,90,0
322,"music/ex1/bgm_ex1_event_moogle.scd",1,false,false,true,90,0
323,"music/ex1/bgm_ex1_alex01.scd",1,false,false,true,90,0
324,"music/ex1/bgm_ex1_alex02.scd",1,false,false,true,90,0
325,"music/ex1/bgm_ex1_ban_ravana_02.scd",1,false,false,true,90,0
326,"music/ex1/bgm_ex1_ban_bismark_02.scd",1,false,false,true,90,0
327,"music/ex1/bgm_ex1_alex03.scd",1,false,false,true,90,1
328,"music/ffxiv/bgm_field_workshop.scd",1,false,false,true,90,0
329,"music/ex1/bgm_ex1_dungeon_kyoko_0.scd",1,false,false,true,90,0
330,"music/ffxiv/bgm_ride_broom.scd",1,false,false,true,90,2
331,"music/ffxiv/bgm_ride_magitekspecial.scd",1,false,false,true,90,2
332,"music/ffxiv/bgm_event_ffxi01.scd",1,false,false,true,90,0
333,"music/ffxiv/bgm_event_ffxi02.scd",1,false,false,true,90,0
334,"music/ffxiv/bgm_event_ffxi03.scd",1,false,false,true,90,0
335,"music/ffxiv/bgm_event_ffxi04.scd",1,false,false,true,90,0
336,"music/ffxiv/bgm_event_ffxi05.scd",1,false,false,true,90,0
337,"music/ffxiv/bgm_event_ffxi06.scd",1,false,false,true,90,0
338,"music/ex1/bgm_ex1_event_hildy.scd",1,false,false,true,90,0
339,"music/ex1/bgm_ex1_banfort_banu_bad.scd",1,false,false,true,90,0
340,"music/ex1/bgm_ex1_banfort_banu_good.scd",1,false,false,true,90,0
341,"music/ex1/bgm_ex1_boss03.scd",1,false,false,true,90,0
342,"music/ex1/bgm_ex1_sorashima_field.scd",1,false,false,true,90,0
343,"music/ex1/bgm_ex1_sorashima_battle.scd",1,false,false,true,90,0
344,"music/ex1/bgm_ex1_sorashima_boss.scd",1,false,false,true,90,0
345,"music/ex1/bgm_ex1_dungeon_botanical_gardens.scd",1,false,false,true,90,0
346,"music/ex1/bgm_ex1_dungeon_sirius_lighthouse.scd",1,false,false,true,90,0
347,"music/ex1/bgm_ex1_makosen_nomal.scd",1,false,false,true,90,1
348,"music/ex1/bgm_ex1_makosen_boss01.scd",1,false,false,true,90,0
349,"music/ffxiv/bgm_lov_nomal.scd",1,false,false,true,90,0
350,"music/ffxiv/bgm_lov_boss01.scd",1,false,false,true,90,0
351,"music/ffxiv/bgm_lov_boss02.scd",1,false,false,true,90,0
352,"music/ffxiv/bgm_lov_boss03.scd",1,false,false,true,90,0
353,"music/ffxiv/bgm_lov_boss04.scd",1,false,false,true,90,0
354,"music/ffxiv/bgm_lov_boss05.scd",1,false,false,true,90,0
355,"music/ffxiv/bgm_lov_boss06.scd",1,false,false,true,90,0
356,"music/ffxiv/bgm_lov_boss07.scd",1,false,false,true,90,0
357,"music/ffxiv/bgm_lov_boss08.scd",1,false,false,true,90,0
358,"music/ffxiv/bgm_ride_kirin.scd",1,false,false,true,90,2
359,"music/ffxiv/bgm_season_vt.scd",1,false,false,true,90,0
360,"music/ffxiv/bgm_season_hina.scd",1,false,false,true,90,0
361,"music/ex1/bgm_ex1_dungeon_dravanial_02.scd",1,false,false,true,90,0
362,"music/ex1/bgm_ex1_dungeon_dravanial_03.scd",1,false,false,true,90,0
363,"music/ex1/bgm_ex1_banfort_gunasu_bad.scd",1,false,false,true,90,0
364,"music/ex1/bgm_ex1_banfort_gunasu_good.scd",1,false,false,true,90,0
365,"music/ex1/bgm_ex1_ban_sephiroth01.scd",1,false,false,true,90,0
366,"music/ex1/bgm_ex1_ban_sephiroth02.scd",1,false,false,true,90,0
367,"music/ffxiv/bgm_ex1_pvp01.scd",1,false,false,true,90,3
368,"music/ex1/bgm_ex1_dungeon_komuda2.scd",1,false,false,true,90,0
369,"music/ex1/bgm_ex1_alex04.scd",1,false,false,true,90,0
370,"music/ex1/bgm_ex1_alex05.scd",1,false,false,true,90,0
371,"music/ffxiv/bgm_ride_bismark.scd",1,false,false,true,90,2
372,"music/ffxiv/bgm_ride_ravana.scd",1,false,false,true,90,2
373,"music/ffxiv/bgm_ride_kor.scd",1,false,false,true,90,2
374,"music/ffxiv/bgm_ride_sephiroth.scd",1,false,false,true,90,2
375,"music/ffxiv/bgm_beginner01.scd",1,false,false,true,90,0
376,"music/ffxiv/bgm_ride_bennu.scd",1,false,false,true,90,2
377,"music/ex1/bgm_ex1_event_nidhogg_01.scd",1,false,false,true,90,0
378,"music/ex1/bgm_ex1_event_nidhogg_02.scd",1,false,false,true,90,0
379,"music/ex1/bgm_ex1_event_nidhogg_03.scd",1,false,false,true,90,0
380,"music/ffxiv/bgm_season_summerfes02.scd",1,false,false,true,90,0
381,"music/ex1/bgm_ex1_field_skypirates.scd",1,false,false,true,90,0
382,"music/ex1/bgm_ex1_ban_nidhogg_01.scd",1,false,false,true,90,0
383,"music/ex1/bgm_ex1_ban_nidhogg_02.scd",1,false,false,true,90,0
384,"music/ex1/bgm_ex1_ban_nidhogg_03.scd",1,false,false,true,90,0
385,"music/ex1/bgm_ex1_boss04.scd",1,false,false,true,90,0
386,"music/ex1/bgm_ex1_dungeon_dravaniac_02.scd",1,false,false,true,90,0
387,"music/ex1/bgm_ex1_dungeon_hullbreaker_hard.scd",1,false,false,true,90,0
388,"music/ffxiv/bgm_dungeon_treasure.scd",1,false,false,true,90,0
389,"music/ffxiv/bgm_dungeon_deep01.scd",1,false,false,true,90,0
390,"music/ffxiv/bgm_dungeon_deep02.scd",1,false,false,true,90,0
391,"music/ffxiv/bgm_dungeon_deep03.scd",1,false,false,true,90,0
392,"music/ffxiv/bgm_dungeon_deepboss01.scd",1,false,false,true,90,0
393,"music/ex1/bgm_ex1_makosen_nomal02.scd",1,false,false,true,90,1
394,"music/ex1/bgm_ex1_makosen_boss02.scd",1,false,false,true,90,0
395,"music/ffxiv/bgm_ride_nidhogg.scd",1,false,false,true,90,2
396,"music/ffxiv/bgm_ride_mogle.scd",1,false,false,true,90,2
397,"music/ffxiv/bgm_ride_alex.scd",1,false,false,true,90,2
398,"music/ex1/bgm_ex1_event_fortemps.scd",1,false,false,true,90,0
399,"music/ffxiv/bgm_dungeon_deep00.scd",1,false,false,true,90,0
400,"music/ffxiv/bgm_event_odayaka.scd",1,false,false,true,90,0
401,"music/ex1/bgm_ex1_event_nivas.scd",1,false,false,true,90,0
402,"music/ex1/bgm_ex1_ban_sophia.scd",1,false,false,true,90,0
403,"music/ffxiv/bgm_pvp_duel.scd",1,false,false,true,90,0
404,"music/ffxiv/bgm_ban_altema.scd",1,false,false,true,90,0
405,"music/ex1/bgm_ex1_dungeon_xelphatol.scd",1,false,false,true,90,0
406,"music/ex1/bgm_ex1_boss05.scd",1,false,false,true,90,0
407,"music/ex1/bgm_ex1_dungeon_dravanial_04.scd",1,false,false,true,90,0
408,"music/ffxiv/bgm_season_halloweend.scd",1,false,false,true,90,0
409,"music/ex1/bgm_ex1_deep01.scd",1,false,false,true,90,0
410,"music/ex1/bgm_ex1_deep02.scd",1,false,false,true,90,0
411,"music/ex1/bgm_ex1_alex06.scd",1,false,false,true,90,0
412,"music/ex1/bgm_ex1_alex07.scd",1,false,false,true,90,0
413,"music/ex1/bgm_ex1_alex08.scd",1,false,false,true,90,0
414,"music/ex1/bgm_ex1_alex09.scd",1,false,false,true,90,0
415,"music/ffxiv/bgm_ride_sophia.scd",1,false,false,true,90,2
416,"music/ffxiv/bgm_ride_alex2.scd",1,false,false,true,90,2
417,"music/ex1/bgm_ex1_ban_demon_02.scd",1,false,false,true,90,0
418,"music/ex1/bgm_ex1_event_vs.scd",1,false,false,true,90,0
419,"music/ex1/bgm_ex1_ban_demon.scd",1,false,false,true,90,0
420,"music/ex1/bgm_ex1_dungeon_gri_09.scd",1,false,false,true,90,0
421,"music/ex1/bgm_ex1_dungeon_dravaniah_02.scd",1,false,false,true,90,0
422,"music/ex1/bgm_ex1_makosen_field01.scd",1,false,false,true,90,0
423,"music/ex1/bgm_ex1_makosen_field02.scd",1,false,false,true,90,0
424,"music/ffxiv/bgm_ride_demon.scd",1,false,false,true,90,2
425,"music/ffxiv/bgm_ride_bcomp.scd",1,false,false,true,90,2
426,"music/ex1/bgm_ex1_event_answers.scd",1,false,false,true,90,0
427,"music/ex2/bgm_ex2_null.scd",0,false,false,true,90,0
428,"music/ex2/bgm_ex2_system_title.scd",1,false,false,true,90,0
429,"music/ex2/bgm_ex2_endcredit01.scd",1,false,false,true,90,0
430,"music/ex2/bgm_ex2_field_safe_01.scd",1,false,true,true,35,0
431,"music/ex2/bgm_ex2_field_safe_02.scd",1,false,true,true,35,0
432,"music/ex2/bgm_ex2_field_safe_03.scd",1,false,true,true,35,0
433,"music/ex2/bgm_ex2_town_r_day.scd",1,false,false,true,90,0
434,"music/ex2/bgm_ex2_town_r_night.scd",1,false,false,true,90,0
435,"music/ex2/bgm_ex2_field_g_battle.scd",1,false,false,true,90,0
436,"music/ex2/bgm_ex2_town_k_day.scd",1,false,false,true,90,0
437,"music/ex2/bgm_ex2_town_k_night.scd",1,false,false,true,90,0
438,"music/ex2/bgm_ex2_field_kohgyoku_battle.scd",1,false,false,true,90,0
439,"music/ex2/bgm_ex2_field_g_day.scd",1,false,true,true,30,0
440,"music/ex2/bgm_ex2_field_g_night.scd",1,false,true,true,30,0
441,"music/ex2/bgm_ex2_field_g_battle.scd",1,false,false,true,90,0
442,"music/ex2/bgm_ex2_field_g_mountain_day.scd",1,false,true,true,30,0
443,"music/ex2/bgm_ex2_field_g_mountain_night.scd",1,false,true,true,30,0
444,"music/ex2/bgm_ex2_field_g_mountain_battle.scd",1,false,false,true,90,0
445,"music/ex2/bgm_ex2_field_g_lake_day.scd",1,false,false,true,90,0
446,"music/ex2/bgm_ex2_field_g_lake_night.scd",1,false,false,true,90,0
447,"music/ex2/bgm_ex2_field_g_lake_battle.scd",1,false,false,true,90,0
448,"music/ex2/bgm_ex2_field_kohgyoku_day.scd",1,false,true,true,30,0
449,"music/ex2/bgm_ex2_field_kohgyoku_night.scd",1,false,true,true,30,0
450,"music/ex2/bgm_ex2_field_kohgyoku_battle.scd",1,false,false,true,90,0
451,"music/ex2/bgm_ex2_field_yansa_day.scd",1,false,true,true,30,0
452,"music/ex2/bgm_ex2_field_yansa_night.scd",1,false,true,true,30,0
453,"music/ex2/bgm_ex2_field_yansa_battle.scd",1,false,false,true,90,0
454,"music/ex2/bgm_ex2_field_a_day.scd",1,false,true,true,30,0
455,"music/ex2/bgm_ex2_field_a_night.scd",1,false,true,true,30,0
456,"music/ex2/bgm_ex2_field_a_battle.scd",1,false,false,true,90,0
457,"music/ex2/bgm_ex2_event_01.scd",1,false,false,true,90,0
458,"music/ex2/bgm_ex2_event_02.scd",1,false,false,true,90,0
459,"music/ex2/bgm_ex2_event_03.scd",1,false,false,true,90,0
460,"music/ex2/bgm_ex2_event_04.scd",1,false,false,true,90,0
461,"music/ex2/bgm_ex2_event_05.scd",1,false,false,true,90,0
462,"music/ex2/bgm_ex2_event_06.scd",1,false,false,true,90,0
463,"music/ex2/bgm_ex2_event_09.scd",1,false,false,true,90,0
464,"music/ex2/bgm_ex2_event_07.scd",1,false,false,true,90,0
465,"music/ex2/bgm_ex2_event_08.scd",1,false,false,true,90,0
466,"music/ex2/bgm_ex2_ban_01.scd",1,false,false,true,90,0
467,"music/ex2/bgm_ex2_ban_02.scd",1,false,false,true,90,0
468,"music/ex2/bgm_ex2_ban_03_1.scd",1,false,false,true,90,0
469,"music/ex2/bgm_ex2_ban_03_2.scd",1,false,false,true,90,0
470,"music/ex2/bgm_ex2_boss_battle_01.scd",1,false,false,true,90,0
471,"music/ex2/bgm_ex2_dan_d01.scd",1,false,false,true,90,0
472,"music/ex2/bgm_ex2_dan_d02.scd",1,false,false,true,90,0
473,"music/ex2/bgm_ex2_dan_d03.scd",1,false,false,true,90,0
474,"music/ex2/bgm_ex2_dan_d04.scd",1,false,false,true,90,0
475,"music/ex2/bgm_ex2_dan_d05.scd",1,false,false,true,90,0
476,"music/ex2/bgm_ex2_dan_d06.scd",1,false,false,true,90,0
477,"music/ex2/bgm_ex2_dan_d07.scd",1,false,false,true,90,0
478,"music/ex2/bgm_ex2_dan_d08.scd",1,false,false,true,90,0
479,"music/ex2/bgm_ex2_omega_01.scd",1,false,false,true,90,0
480,"music/ex2/bgm_ex2_omega_02.scd",1,false,false,true,90,0
481,"music/ex2/bgm_ex2_omega_03.scd",1,false,false,true,90,0
482,"music/ex2/bgm_ex2_omega_04.scd",1,false,false,true,90,0
483,"music/ex2/bgm_ex2_mount01.scd",1,false,false,true,90,2
484,"music/ex2/bgm_ex2_event_10.scd",1,false,false,true,90,0
485,"music/ex2/bgm_ex2_event_11.scd",1,false,false,true,90,0
486,"music/ex2/bgm_ex2_event_prelude.scd",1,false,false,true,90,0
487,"music/ex2/bgm_ex2_event_end.scd",1,false,false,true,90,0
488,"music/ex2/bgm_ex2_banfort_koujin_bad.scd",1,false,false,true,90,0
489,"music/ex2/bgm_ex2_event_12.scd",1,false,false,true,90,0
490,"music/ex2/bgm_ex2_boss_battle_02.scd",1,false,false,true,90,0
491,"music/ex2/bgm_ex2_ban_01_2.scd",1,false,false,true,90,0
492,"music/ex2/bgm_ex2_ban_01_3.scd",1,false,false,true,90,0
493,"music/ffxiv/bgm_ride_susano.scd",1,false,false,true,90,2
494,"music/ffxiv/bgm_ride_lakshmi.scd",1,false,false,true,90,2
495,"music/ex2/bgm_ex2_town_r_sad.scd",1,false,false,true,90,0
496,"music/ffxiv/bgm_season_anniversary.scd",1,false,false,true,90,0
497,"music/ex2/bgm_ex2_event_13.scd",1,false,false,true,90,0
498,"music/ex2/bgm_ex2_banfort_kojin_good.scd",1,false,false,true,90,0
499,"music/ex2/bgm_ex2_ban_04.scd",1,false,false,true,90,0
500,"music/ffxiv/bgm_pvp_mogi_01.scd",1,false,false,true,90,1
501,"music/ffxiv/bgm_pvp_mogi_02.scd",1,false,false,true,90,0
502,"music/ffxiv/bgm_pvp_mogi_03.scd",1,false,false,true,90,0
503,"music/ffxiv/bgm_pvp_mogi_04.scd",1,false,false,true,90,0
504,"music/ex2/bgm_ex2_dan_d09.scd",1,false,false,true,90,0
505,"music/ffxiv/bgm_ride_shinryu.scd",1,false,false,true,90,2
506,"music/ex2/bgm_ex2_rti_01.scd",1,false,false,true,90,0
507,"music/ex2/bgm_ex2_rti_02.scd",1,false,false,true,90,0
508,"music/ex2/bgm_ex2_rti_03.scd",1,false,false,true,90,0
509,"music/ex2/bgm_ex2_rti_04.scd",1,false,false,true,90,0
510,"music/ex2/bgm_ex2_rti_05.scd",1,false,false,true,90,0
511,"music/ex2/bgm_ex2_rti_06.scd",1,false,false,true,90,0
512,"music/ex2/bgm_ex2_rti_07.scd",1,false,false,true,90,0
513,"music/ex2/bgm_ex2_rti_08.scd",1,false,false,true,90,0
514,"music/ex2/bgm_ex2_rti_09.scd",1,false,false,true,90,0
515,"music/ex2/bgm_ex2_rti_10.scd",1,false,false,true,90,0
516,"music/ffxiv/bgm_season_xmas2017.scd",1,false,false,true,90,0
517,"music/ex2/bgm_ex2_ban_04pre.scd",1,false,false,true,90,0
518,"music/ex2/bgm_ex2_banfort_ananta_good.scd",1,false,false,true,90,0
519,"music/ex2/bgm_ex2_field_iroha.scd",1,false,false,true,90,0
520,"music/ffxiv/bgm_season_princess.scd",1,false,false,true,90,0
521,"music/ex2/bgm_ex2_ban_11.scd",1,false,false,true,90,0
522,"music/ex2/bgm_ex2_ban_12.scd",1,false,false,true,90,0
523,"music/ex2/bgm_ex2_ban_13.scd",1,false,false,true,90,0
524,"music/ex2/bgm_ex2_eu_field.scd",1,false,false,true,90,1
525,"music/ex2/bgm_ex2_eu_nm.scd",1,false,false,true,90,0
526,"music/ex2/bgm_ex2_dan_d10.scd",1,false,false,true,90,0
527,"music/ex2/bgm_ex2_dan_d11.scd",1,false,false,true,90,0
528,"music/ex2/bgm_ex2_sigma_01.scd",1,true,true,false,90,0
529,"music/ex2/bgm_ex2_sigma_02.scd",1,false,false,true,90,0
530,"music/ex2/bgm_ex2_sigma_03.scd",1,false,false,true,90,0
531,"music/ex2/bgm_ex2_sigma_04.scd",1,false,false,true,90,0
532,"music/ex2/bgm_ex2_sigma_05.scd",1,false,false,true,90,0
533,"music/ex2/bgm_ex2_sigma_06.scd",1,false,false,true,90,0
534,"music/ffxiv/bgm_ride_omega.scd",1,false,false,true,90,2
535,"music/ffxiv/bgm_ride_sigma.scd",1,false,false,true,90,2
536,"music/ffxiv/bgm_ride_byakko.scd",1,false,false,true,90,2
537,"music/ffxiv/bgm_field_safe2.scd",1,false,false,true,90,0
538,"music/ffxiv/bgm_minigame_egghunt.scd",1,false,false,true,90,0
539,"music/ffxiv/bgm_season_vtid.scd",1,false,false,true,90,0
540,"music/ex2/bgm_ex2_banfort_namazuo_good.scd",1,false,false,true,90,0
541,"music/ex2/bgm_ex2_ban_16.scd",1,false,false,true,90,0
542,"music/ex2/bgm_ex2_ban_17.scd",1,false,false,true,90,0
543,"music/ex2/bgm_ex2_ban_18.scd",1,false,false,true,90,0
544,"music/ex2/bgm_ex2_ban_19.scd",1,false,false,true,90,0
545,"music/ex2/bgm_ex2_ban_20.scd",1,false,false,true,90,0
546,"music/ex2/bgm_ex2_ban_21.scd",1,false,false,true,90,0
547,"music/ex2/bgm_ex2_ban_23.scd",1,false,false,true,90,0
548,"music/ex2/bgm_ex2_ban_14.scd",1,false,false,true,90,0
549,"music/ex2/bgm_ex2_ban_15.scd",1,false,false,true,90,0
550,"music/ex2/bgm_ex2_event_14.scd",1,false,false,true,90,0
551,"music/ex2/bgm_ex2_dan_d12.scd",1,false,false,true,90,0
552,"music/ffxiv/bgm_ride_tk.scd",1,false,false,true,90,2
553,"music/ex2/bgm_ex2_rti_11.scd",1,false,false,true,90,0
554,"music/ex2/bgm_ex2_rti_12.scd",1,false,false,true,90,0
555,"music/ex2/bgm_ex2_rti_13.scd",1,false,false,true,90,0
556,"music/ex2/bgm_ex2_rti_14.scd",1,false,false,true,90,0
557,"music/ex2/bgm_ex2_rti_15.scd",1,false,false,true,90,0
558,"music/ex2/bgm_ex2_rti_16.scd",1,false,false,true,90,0
559,"music/ex2/bgm_ex2_rti_17.scd",1,false,false,true,90,0
560,"music/ex2/bgm_ex2_rti_18.scd",1,false,false,true,90,0
561,"music/ex2/bgm_ex2_event_15.scd",1,false,false,true,90,0
562,"music/ex2/bgm_ex2_event_16.scd",1,false,false,true,90,0
563,"music/ex2/bgm_ex2_event_17.scd",1,true,true,false,90,0
564,"music/ffxiv/bgm_ride_niku.scd",1,false,false,true,90,2
565,"music/ffxiv/bgm_ride_abare.scd",1,false,false,true,90,2
566,"music/ffxiv/bgm_town_k_day.scd",1,false,false,true,90,0
567,"music/ffxiv/bgm_town_k_night.scd",1,false,false,true,90,0
568,"music/ffxiv/bgm_field_g_battle.scd",1,false,false,true,90,0
569,"music/ex2/bgm_ex2_ban_22.scd",1,false,false,true,90,0
570,"music/ffxiv/bgm_ride_mikoshi.scd",1,false,false,true,90,2
571,"music/ex2/bgm_ex2_event_18.scd",1,false,false,true,90,0
572,"music/ex2/bgm_ex2_event_24.scd",1,false,false,true,90,0
573,"music/ex2/bgm_ex2_event_31.scd",1,false,false,true,90,0
574,"music/ex2/bgm_ex2_event_32.scd",1,false,false,true,90,0
575,"music/ex2/bgm_ex2_event_33.scd",1,true,true,false,90,0
576,"music/ex2/bgm_ex2_event_34.scd",1,false,false,true,90,0
577,"music/ex2/bgm_ex2_event_35.scd",1,false,false,true,90,0
578,"music/ex2/bgm_ex2_event_36.scd",1,false,false,true,90,0
579,"music/ex2/bgm_ex2_event_37.scd",1,false,false,true,90,0
580,"music/ffxiv/bgm_season_xmascho.scd",1,false,false,true,90,1
581,"music/ex2/bgm_ex2_ban_24.scd",1,false,false,true,90,0
582,"music/ex2/bgm_ex2_ban_25.scd",1,false,false,true,90,0
583,"music/ex2/bgm_ex2_dan_d13.scd",1,false,false,true,90,0
584,"music/ex2/bgm_ex2_dan_d14.scd",1,false,false,true,90,0
585,"music/ex2/bgm_ex2_alpha_01.scd",1,false,false,true,90,0
586,"music/ex2/bgm_ex2_alpha_02.scd",1,false,false,true,90,0
587,"music/ex2/bgm_ex2_alpha_03.scd",1,false,false,true,90,0
588,"music/ffxiv/bgm_ride_suzaku.scd",1,false,false,true,90,2
589,"music/ffxiv/bgm_ride_alpha.scd",1,false,false,true,90,2
590,"music/ex2/bgm_ex2_event_38.scd",1,false,false,true,90,0
591,"music/ex2/bgm_ex2_alpha_04.scd",1,false,false,true,90,0
592,"music/ffxiv/bgm_ride_bike.scd",1,false,false,true,90,2
593,"music/ex2/bgm_ex2_uzune2.scd",1,false,false,true,90,0
604,"music/ffxiv/bgm_event_bkc01.scd",1,true,true,false,90,0
605,"music/ffxiv/bgm_event_bkc02.scd",1,false,false,true,90,0
606,"music/ffxiv/bgm_event_bkc03.scd",1,false,false,true,90,0
607,"music/ffxiv/bgm_event_bkc04.scd",1,false,false,true,90,0
608,"music/ffxiv/bgm_event_bkc05.scd",1,false,false,true,90,0
609,"music/ffxiv/bgm_event_bkc06.scd",1,false,false,true,90,0
610,"music/ffxiv/bgm_event_bkc07.scd",1,false,false,true,90,0
611,"music/ffxiv/bgm_event_bkc08.scd",1,false,false,true,90,0
612,"music/ffxiv/bgm_event_bkc09.scd",1,false,false,true,90,0
613,"music/ffxiv/bgm_event_bkc10.scd",1,false,false,true,90,0
614,"music/ffxiv/bgm_ride_bkc.scd",1,false,false,true,90,2
615,"music/ex2/bgm_ex2_rti_19.scd",1,false,false,true,90,0
616,"music/ex2/bgm_ex2_rti_20.scd",1,false,false,true,90,0
617,"music/ex2/bgm_ex2_rti_21.scd",1,false,false,true,90,0
618,"music/ex2/bgm_ex2_rti_22.scd",1,false,false,true,90,0
619,"music/ex2/bgm_ex2_rti_23.scd",1,false,false,true,90,0
620,"music/ex2/bgm_ex2_rti_24.scd",1,false,false,true,90,0
621,"music/ex2/bgm_ex2_rti_25.scd",1,false,false,true,90,0
622,"music/ex2/bgm_ex2_rti_26.scd",1,false,false,true,90,0
623,"music/ex2/bgm_ex2_rti_27.scd",1,false,false,true,90,0
624,"music/ex2/bgm_ex2_rti_28.scd",1,false,false,true,90,0
625,"music/ex2/bgm_ex2_rti_29.scd",1,false,false,true,90,0
626,"music/ex2/bgm_ex2_rti_30.scd",1,false,false,true,90,0
627,"music/ex2/bgm_ex2_rti_32.scd",1,false,false,true,90,0
628,"music/ex2/bgm_ex2_rti_33.scd",1,false,false,true,90,0
629,"music/ex2/bgm_ex2_rti_34.scd",1,false,false,true,90,0
630,"music/ffxiv/bgm_aoz_battle01.scd",1,false,false,true,90,0
631,"music/ffxiv/bgm_aoz_battle02.scd",1,false,false,true,90,0
632,"music/ex2/bgm_ex2_eu_dungeon.scd",1,false,false,true,90,0
633,"music/ex2/bgm_ex2_eu_boss.scd",1,false,false,true,90,0
634,"music/ex2/bgm_ex2_eu_lb.scd",1,false,false,true,90,0
635,"music/ffxiv/bgm_ride_seiryu.scd",1,false,false,true,90,2
636,"music/ffxiv/bgm_ride_kyubi.scd",1,false,false,true,90,2
637,"music/ffxiv/bgm_ride_kgreen.scd",1,false,false,true,90,2
638,"music/ffxiv/bgm_ride_kyellow.scd",1,false,false,true,90,2
639,"music/ex2/bgm_ex2_dan_d15.scd",1,false,false,true,90,0
640,"music/ex2/bgm_ex2_ban_26.scd",1,false,false,true,90,0
641,"music/ffxiv/bgm_emj.scd",1,false,false,true,90,0
642,"music/ffxiv/bgm_rideshooting_win.scd",1,false,false,true,90,0
643,"music/ffxiv/bgm_rideshooting_lose.scd",1,false,false,true,90,0
644,"music/ffxiv/bgm_rideshooting.scd",1,false,false,true,90,0
645,"music/ex2/bgm_ex2_endcredit02.scd",1,false,false,true,90,0
646,"music/ex3/bgm_ex3_event_01.scd",1,false,false,true,90,0
647,"music/ex3/bgm_ex3_event_02.scd",1,false,false,true,90,0
648,"music/ex3/bgm_ex3_event_03.scd",1,false,false,true,90,0
649,"music/ex3/bgm_ex3_event_04.scd",1,false,false,true,90,0
650,"music/ex3/bgm_ex3_event_05.scd",1,false,false,true,90,0
651,"music/ex3/bgm_ex3_event_06.scd",1,false,false,true,90,0
652,"music/ex3/bgm_ex3_event_07.scd",1,false,false,true,90,0
653,"music/ex3/bgm_ex3_event_08.scd",1,false,false,true,90,0
654,"music/ex3/bgm_ex3_event_09.scd",1,false,false,true,90,0
655,"music/ex3/bgm_ex3_event_10.scd",1,false,false,true,90,0
656,"music/ex3/bgm_ex3_event_12.scd",1,false,false,true,90,0
657,"music/ex3/bgm_ex3_event_13.scd",1,true,true,false,90,0
658,"music/ex3/bgm_ex3_event_14.scd",1,false,false,true,90,0
659,"music/ex3/bgm_ex3_town_c_day.scd",1,false,false,true,90,0
660,"music/ex3/bgm_ex3_town_c_night.scd",1,false,false,true,90,0
661,"music/ex3/bgm_ex3_town_y_day.scd",1,false,false,true,90,0
662,"music/ex3/bgm_ex3_town_y_night.scd",1,false,false,true,90,0
663,"music/ex3/bgm_ex3_field_lak_day.scd",1,false,true,true,30,0
664,"music/ex3/bgm_ex3_field_lak_night.scd",1,false,true,true,30,0
665,"music/ex3/bgm_ex3_field_kor_day.scd",1,false,true,true,30,0
666,"music/ex3/bgm_ex3_field_kor_night.scd",1,false,true,true,30,0
667,"music/ex3/bgm_ex3_field_ama_day.scd",1,false,true,true,30,0
668,"music/ex3/bgm_ex3_field_ama_night.scd",1,false,true,true,30,0
669,"music/ex3/bgm_ex3_field_ilm_day.scd",1,false,true,true,30,0
670,"music/ex3/bgm_ex3_field_ilm_night.scd",1,false,true,true,30,0
671,"music/ex3/bgm_ex3_field_rak_day.scd",1,false,true,true,30,0
672,"music/ex3/bgm_ex3_field_rak_night.scd",1,false,true,true,30,0
673,"music/ex3/bgm_ex3_field_tem_day.scd",1,false,false,true,90,0
674,"music/ex3/bgm_ex3_field_tem_night.scd",1,false,false,true,90,0
675,"music/ex3/bgm_ex3_field_safe_01.scd",1,false,true,true,30,0
676,"music/ex3/bgm_ex3_field_safe_02.scd",1,false,false,true,90,0
677,"music/ex3/bgm_ex3_field_lak_battle.scd",1,false,false,true,90,0
678,"music/ex3/bgm_ex3_field_kor_battle.scd",1,false,false,true,90,0
679,"music/ex3/bgm_ex3_field_ama_battle.scd",1,false,false,true,90,0
680,"music/ex3/bgm_ex3_field_ilm_battle.scd",1,false,false,true,90,0
681,"music/ex3/bgm_ex3_field_rak_battle.scd",1,false,false,true,90,0
682,"music/ex3/bgm_ex3_field_tem_battle.scd",1,false,false,true,90,0
683,"music/ex3/bgm_ex3_ban_01.scd",1,false,false,true,90,0
684,"music/ex3/bgm_ex3_ban_02.scd",1,false,false,true,90,0
685,"music/ex3/bgm_ex3_ban_03.scd",1,false,false,true,90,0
686,"music/ex3/bgm_ex3_ban_04.scd",1,false,false,true,90,0
687,"music/ex3/bgm_ex3_dan_d01.scd",1,false,false,true,90,0
688,"music/ex3/bgm_ex3_dan_d02.scd",1,false,false,true,90,0
689,"music/ex3/bgm_ex3_dan_d03.scd",1,false,false,true,90,0
690,"music/ex3/bgm_ex3_dan_d04.scd",1,false,false,true,90,0
691,"music/ex3/bgm_ex3_dan_d05.scd",1,false,false,true,90,0
692,"music/ex3/bgm_ex3_dan_d06.scd",1,false,false,true,90,0
693,"music/ex3/bgm_ex3_dan_d07.scd",1,false,false,true,90,0
694,"music/ex3/bgm_ex3_dan_d08.scd",1,false,false,true,90,0
695,"music/ex3/bgm_ex3_boss_battle01.scd",1,false,false,true,90,0
696,"music/ex3/bgm_ex3_raid_01.scd",1,false,false,true,90,0
697,"music/ex3/bgm_ex3_raid_02.scd",1,false,false,true,90,0
698,"music/ex3/bgm_ex3_raid_03.scd",1,false,false,true,90,0
699,"music/ex3/bgm_ex3_mount01.scd",1,false,false,true,90,2
700,"music/ffxiv/bgm_ride_titania.scd",1,false,false,true,90,2
701,"music/ffxiv/bgm_ride_innocence.scd",1,false,false,true,90,2
702,"music/ffxiv/bgm_ride_eden.scd",1,false,false,true,90,2
703,"music/ffxiv/bgm_ride_gs01.scd",1,false,false,true,90,2
704,"music/ex3/bgm_ex3_system_title.scd",1,false,false,true,90,0
705,"music/ex3/bgm_ex3_endcredit01.scd",1,false,false,true,90,0
706,"music/ex3/bgm_ex3_boss_battle02.scd",1,false,false,true,90,0
707,"music/ex3/bgm_ex3_event_15.scd",1,false,false,true,90,0
708,"music/ex3/bgm_ex3_event_16.scd",1,false,false,true,90,0
709,"music/ex3/bgm_ex3_event_17.scd",1,false,false,true,90,0
710,"music/ex3/bgm_ex3_event_18.scd",1,false,false,true,90,0
711,"music/ex3/bgm_ex3_town_y_day2.scd",1,false,false,true,90,0
712,"music/ex3/bgm_ex3_field_safe_03.scd",1,false,true,true,30,0
713,"music/ex3/bgm_ex3_null.scd",0,false,false,true,90,0
714,"music/ex3/bgm_ex3_event_19.scd",1,false,false,true,90,0
715,"music/ffxiv/bgm_ride_amaro.scd",1,false,false,true,90,2
716,"music/ex3/bgm_ex3_field_kor_day2.scd",1,false,false,true,90,0
717,"music/ex3/bgm_ex3_raid_04.scd",1,false,false,true,90,0
718,"music/ffxiv/bgm_season_xmascho_02.scd",1,false,false,true,90,1
719,"music/ex3/bgm_ex3_banfort_fairy_good.scd",1,false,false,true,90,0
720,"music/ex1/bgm_ex1_fate_hukko.scd",1,false,false,true,90,0
721,"music/ex3/bgm_ex3_town_y_bar.scd",1,false,false,true,90,0
722,"music/ffxiv/bgm_pvp_battle_02.scd",1,false,false,true,90,1
723,"music/ex3/bgm_ex3_ban_05.scd",1,false,false,true,90,0
724,"music/ex3/bgm_ex3_ban_06.scd",1,false,false,true,90,0
725,"music/ex3/bgm_ex3_ban_07.scd",1,false,false,true,90,0
726,"music/ex3/bgm_ex3_ban_08.scd",1,false,false,true,90,0
727,"music/ex3/bgm_ex3_dan_d09.scd",1,false,false,true,90,0
728,"music/ffxiv/bgm_ride_hades.scd",1,false,false,true,90,2
729,"music/ffxiv/bgm_ride_frontline.scd",1,false,false,true,90,2
730,"music/ffxiv/bgm_ride_feast.scd",1,false,false,true,90,2
731,"music/ffxiv/bgm_ride_aoz.scd",1,false,false,true,90,2
732,"music/ex3/bgm_ex3_ytc_01.scd",1,false,false,true,90,0
733,"music/ex3/bgm_ex3_ytc_02.scd",1,false,false,true,90,0
734,"music/ex3/bgm_ex3_ytc_03.scd",1,false,false,true,90,0
735,"",0,false,false,false,0,0
736,"music/ex3/bgm_ex3_ytc_05.scd",1,false,false,true,90,0
737,"music/ex3/bgm_ex3_ytc_06.scd",1,false,false,true,90,0
738,"music/ex3/bgm_ex3_ytc_07.scd",1,false,false,true,90,0
739,"music/ex3/bgm_ex3_ytc_08.scd",1,false,false,true,90,0
740,"music/ex3/bgm_ex3_ytc_09.scd",1,false,false,true,90,0
741,"music/ex3/bgm_ex3_ytc_10.scd",1,false,false,true,90,0
742,"music/ex3/bgm_ex3_event_20.scd",1,false,false,true,90,0
743,"music/ex3/bgm_ex3_banfort_kkrn_good.scd",1,false,false,true,90,0
744,"music/ex3/bgm_ex3_event_21.scd",1,false,false,true,90,0
745,"music/ffxiv/bgm_minigame_egghunt2.scd",1,false,false,true,90,0
746,"music/ex3/bgm_ex3_ban_09.scd",1,false,false,true,90,0
747,"music/ex1/bgm_ex1_hukko_finish01.scd",1,false,false,true,90,0
748,"music/ex3/bgm_ex3_boss_battle03.scd",1,false,false,true,90,0
749,"music/ex3/bgm_ex3_dan_d10.scd",1,false,false,true,90,0
750,"music/ex3/bgm_ex3_raid_05.scd",1,false,false,true,90,0
751,"music/ex3/bgm_ex3_raid_06.scd",1,false,false,true,90,0
752,"music/ex3/bgm_ex3_raid_07.scd",1,false,false,true,90,0
753,"music/ffxiv/bgm_ride_ruby.scd",1,false,false,true,90,2
754,"music/ffxiv/bgm_ride_eden02.scd",1,false,false,true,90,2
755,"music/ex3/bgm_ex3_ban_10.scd",1,false,false,true,90,0
756,"music/ffxiv/bgm_ikd01.scd",1,false,false,true,90,0
757,"music/ffxiv/bgm_ikd02.scd",1,false,false,true,90,0
758,"music/ffxiv/bgm_ikd03.scd",1,false,false,true,90,0
759,"music/ex3/bgm_ex3_raid_08.scd",1,false,false,true,90,0
760,"music/ex3/bgm_ex3_event_22.scd",1,false,false,true,90,0
761,"music/ex3/bgm_ex3_event_23.scd",1,true,true,false,90,0
762,"music/ex3/bgm_ex3_event_24.scd",1,false,false,true,90,0
763,"music/ex3/bgm_ex3_event_25.scd",1,false,false,true,90,0
764,"music/ex3/bgm_ex3_event_26.scd",1,false,false,true,90,0
765,"music/ffxiv/bgm_event_hula.scd",1,false,false,true,90,0
766,"music/ex3/bgm_ex3_banfort_dwarf_good.scd",1,false,false,true,90,0
767,"music/ex3/bgm_ex3_field_welrit.scd",1,false,false,true,90,0
768,"music/ex3/bgm_ex3_ban_11.scd",1,false,false,true,90,0
769,"music/ex3/bgm_ex3_ban_12.scd",1,false,false,true,90,0
770,"music/ex3/bgm_ex3_ban_13.scd",1,true,true,false,90,0
771,"music/ex3/bgm_ex3_ban_14.scd",1,false,false,true,90,0
772,"music/ex3/bgm_ex3_myc_01.scd",1,false,false,true,90,1
773,"music/ex3/bgm_ex3_myc_02.scd",1,false,false,true,90,0
774,"music/ex3/bgm_ex3_myc_03.scd",1,false,false,true,90,0
775,"music/ex3/bgm_ex3_myc_04.scd",1,false,false,true,90,0
776,"music/ex3/bgm_ex3_myc_05.scd",1,false,false,true,90,0
777,"music/ex3/bgm_ex3_dan_d11.scd",1,false,false,true,90,0
778,"music/ffxiv/bgm_ride_wol.scd",1,false,false,true,90,2
779,"music/ffxiv/bgm_ride_myc01.scd",1,false,false,true,90,2
780,"music/ex3/bgm_ex3_ytc_11.scd",1,false,false,true,90,0
781,"music/ex3/bgm_ex3_ytc_12.scd",1,false,false,true,90,0
782,"music/ex3/bgm_ex3_ytc_13.scd",1,false,false,true,90,0
783,"music/ex3/bgm_ex3_ytc_14.scd",1,false,false,true,90,0
784,"music/ex3/bgm_ex3_ytc_15.scd",1,false,false,true,90,0
785,"music/ex3/bgm_ex3_ytc_16.scd",1,false,false,true,90,0
786,"music/ex3/bgm_ex3_ytc_17.scd",1,false,false,true,90,0
787,"music/ex3/bgm_ex3_myc_06.scd",1,false,false,true,90,0
788,"music/ffxiv/bgm_ride_hukko01.scd",1,false,false,true,90,2
789,"music/ex3/bgm_ex3_event_27.scd",1,false,false,true,90,0
790,"music/ex3/bgm_ex3_event_28.scd",1,false,false,true,90,0
791,"music/ex1/bgm_ex1_hukko_concert.scd",1,false,false,true,90,1
792,"music/ex3/bgm_ex3_con_01.scd",1,false,false,true,90,0
793,"music/ex2/bgm_ex2_aoz_battle03.scd",1,false,false,true,90,0
794,"music/ex3/bgm_ex3_myc_07.scd",1,false,false,true,90,0
795,"music/ex3/bgm_ex3_myc_08.scd",1,false,false,true,90,0
796,"music/ex3/bgm_ex3_myc_09.scd",1,false,false,true,90,0
797,"music/ffxiv/bgm_glodsaucer_triplewaiting.scd",1,false,false,true,90,0
798,"music/ex3/bgm_ex3_dan_d12.scd",1,false,false,true,90,0
799,"music/ex3/bgm_ex3_raid_09.scd",1,false,false,true,90,0
800,"music/ex3/bgm_ex3_raid_10.scd",1,false,false,true,90,0
801,"music/ex3/bgm_ex3_raid_11.scd",1,false,false,true,90,0
802,"music/ex3/bgm_ex3_raid_12.scd",1,false,false,true,90,0
803,"music/ffxiv/bgm_ride_emerald.scd",1,false,false,true,90,2
804,"music/ffxiv/bgm_ride_eden03.scd",1,false,false,true,90,2
805,"music/ffxiv/bgm_ride_fanfes2021.scd",1,false,false,true,90,2
806,"music/ex3/bgm_ex3_event_29.scd",1,false,false,true,90,0
807,"music/ex3/bgm_ex3_ban_15.scd",1,false,false,true,90,0
808,"music/ex3/bgm_ex3_myc_10.scd",1,false,false,true,90,0
809,"music/ex1/bgm_ex1_hukko_fes.scd",1,false,false,true,90,0
810,"music/ex3/bgm_ex3_dan_d13.scd",1,false,false,true,90,0
811,"music/ffxiv/bgm_ride_dia.scd",1,false,false,true,90,2
812,"music/ffxiv/bgm_ride_cruise.scd",1,false,false,true,90,2
813,"music/ffxiv/bgm_ride_ex3comp.scd",1,false,false,true,90,2
814,"music/ffxiv/bgm_ride_cardcomp.scd",1,false,false,true,90,2
815,"music/ffxiv/bgm_ride_golden.scd",1,false,false,true,90,2
816,"music/ex3/bgm_ex3_ytc_18.scd",1,false,false,true,90,0
817,"music/ex3/bgm_ex3_ytc_19.scd",1,false,false,true,90,0
818,"",0,false,false,false,0,0
819,"music/ex3/bgm_ex3_ytc_21.scd",1,false,false,true,90,0
820,"music/ex3/bgm_ex3_ytc_22.scd",1,false,false,true,90,0
821,"music/ex3/bgm_ex3_ytc_23.scd",1,false,false,true,90,0
822,"music/ex3/bgm_ex3_ytc_24.scd",1,false,false,true,90,0
823,"music/ex3/bgm_ex3_ytc_25.scd",1,false,false,true,90,0
824,"music/ex3/bgm_ex3_ytc_26.scd",1,false,false,true,90,0
825,"music/ex3/bgm_ex3_ytc_27.scd",1,false,false,true,90,0
826,"music/ex3/bgm_ex3_ytc_28.scd",1,false,false,true,90,0
827,"music/ex3/bgm_ex3_ytc_29.scd",1,false,false,true,90,0
828,"music/ex4/bgm_ex4_null.scd",0,false,false,true,90,0
829,"music/ex4/bgm_ex4_event_18.scd",1,false,false,true,90,0
830,"music/ex4/bgm_ex4_event_01.scd",1,false,false,true,90,0
831,"music/ex4/bgm_ex4_event_02.scd",1,false,false,true,90,0
832,"music/ex4/bgm_ex4_event_03.scd",1,false,false,true,90,0
833,"music/ex4/bgm_ex4_event_04.scd",1,false,false,true,90,0
834,"music/ex4/bgm_ex4_event_05.scd",1,false,false,true,90,0
835,"music/ex4/bgm_ex4_event_06.scd",1,false,false,true,90,0
836,"music/ex4/bgm_ex4_event_07.scd",1,false,false,true,90,0
837,"music/ex4/bgm_ex4_event_08.scd",1,false,false,true,90,0
838,"music/ex4/bgm_ex4_event_09.scd",1,false,false,true,90,0
839,"music/ffxiv/bgm_event_shinayashii.scd",1,false,false,true,90,0
840,"music/ex4/bgm_ex4_event_10.scd",1,false,false,true,90,0
841,"music/ex4/bgm_ex4_event_11.scd",1,false,false,true,90,0
842,"music/ex4/bgm_ex4_event_12.scd",1,false,false,true,90,0
843,"music/ex4/bgm_ex4_event_13.scd",1,false,false,true,90,0
844,"music/ex4/bgm_ex4_event_14.scd",1,false,false,true,90,0
845,"music/ex4/bgm_ex4_town_o_day.scd",1,false,false,true,90,0
846,"music/ex4/bgm_ex4_town_o_night.scd",1,false,false,true,90,0
847,"music/ex4/bgm_ex4_town_o_room.scd",1,false,false,true,90,0
848,"music/ex4/bgm_ex4_town_r_day.scd",1,false,false,true,90,0
849,"music/ex4/bgm_ex4_town_r_night.scd",1,false,false,true,90,0
850,"music/ex4/bgm_ex4_town_r_day2.scd",1,false,false,true,90,0
851,"music/ex4/bgm_ex4_field_lab_day.scd",1,false,true,true,30,0
852,"music/ex4/bgm_ex4_field_lab_night.scd",1,false,true,true,30,0
853,"music/ex4/bgm_ex4_field_thav_day.scd",1,false,true,true,30,0
854,"music/ex4/bgm_ex4_field_thav_night.scd",1,false,true,true,30,0
855,"music/ex4/bgm_ex4_field_gar_day.scd",1,false,true,true,30,0
856,"music/ex4/bgm_ex4_field_gar_night.scd",1,false,true,true,30,0
857,"music/ex4/bgm_ex4_field_mar_day.scd",1,false,false,true,90,0
858,"music/ex4/bgm_ex4_field_elp_day.scd",1,false,true,true,30,0
859,"music/ex4/bgm_ex4_field_elp_night.scd",1,false,true,true,30,0
860,"music/ex4/bgm_ex4_field_ult_day01.scd",1,false,false,true,90,0
861,"music/ex4/bgm_ex4_field_ult_day02.scd",1,false,false,true,90,0
862,"music/ex4/bgm_ex4_field_ult_day03.scd",1,false,false,true,90,0
863,"music/ex4/bgm_ex4_field_safe01.scd",1,false,true,true,30,0
864,"music/ex4/bgm_ex4_field_safe02.scd",1,false,false,true,90,0
865,"music/ex4/bgm_ex4_field_lab_battle.scd",1,false,false,true,90,0
866,"music/ex4/bgm_ex4_field_thav_battle.scd",1,false,false,true,90,0
867,"music/ex4/bgm_ex4_field_gar_battle.scd",1,false,false,true,90,0
868,"music/ex4/bgm_ex4_field_elp_battle.scd",1,false,false,true,90,0
869,"music/ex4/bgm_ex4_field_mar_lep_battle.scd",1,false,false,true,90,0
870,"music/ex4/bgm_ex4_ban_01.scd",1,false,false,true,90,0
871,"music/ex4/bgm_ex4_ban_02.scd",1,false,false,true,90,0
872,"music/ex4/bgm_ex4_ban_04.scd",1,false,false,true,90,0
873,"music/ex4/bgm_ex4_ban_05.scd",1,false,false,true,90,0
874,"music/ex4/bgm_ex4_dan_d02.scd",1,false,false,true,90,0
875,"music/ex4/bgm_ex4_dan_d04.scd",1,false,false,true,90,0
876,"music/ex4/bgm_ex4_dan_d03.scd",1,false,false,true,90,0
877,"music/ex4/bgm_ex4_dan_d05.scd",1,false,false,true,90,0
878,"music/ex4/bgm_ex4_dan_d01.scd",1,false,false,true,90,0
879,"music/ex4/bgm_ex4_dan_d06.scd",1,false,false,true,90,0
880,"music/ex4/bgm_ex4_dan_d07.scd",1,false,false,true,90,0
881,"music/ex4/bgm_ex4_dan_d08.scd",1,false,false,true,90,0
882,"music/ex4/bgm_ex4_boss_battle01.scd",1,false,false,true,90,0
883,"music/ex4/bgm_ex4_boss_battle02.scd",1,false,false,true,90,0
884,"music/ex4/bgm_ex4_raid_01.scd",1,false,false,true,90,0
885,"music/ex4/bgm_ex4_raid_02.scd",1,false,false,true,90,0
886,"music/ex4/bgm_ex4_raid_03.scd",1,false,false,true,90,0
887,"music/ex4/bgm_ex4_system_title.scd",1,false,false,true,90,0
888,"music/ex4/bgm_ex4_endcredit01.scd",1,false,false,true,90,0
889,"music/ffxiv/bgm_ride_zodiark.scd",1,false,false,true,90,2
890,"music/ffxiv/bgm_ride_hydaelyn.scd",1,false,false,true,90,2
891,"music/ffxiv/bgm_ride_pandemonium01.scd",1,false,false,true,90,2
892,"music/ex4/bgm_ex4_event_17.scd",1,false,false,true,90,0
893,"music/ex4/bgm_ex4_event_15.scd",1,false,false,true,90,0
894,"music/ex4/bgm_ex4_event_16.scd",1,false,false,true,90,0
895,"music/ffxiv/bgm_ride_ex4common.scd",1,false,false,true,90,2
896,"music/ex4/bgm_ex4_event_19.scd",1,false,false,true,90,0
897,"music/ex4/bgm_ex4_field_lab_ten.scd",1,false,false,true,90,0
898,"music/ex4/bgm_ex4_event_21.scd",1,true,true,false,90,0
899,"music/ex4/bgm_ex4_event_20.scd",1,false,false,true,90,0
900,"music/ex4/bgm_ex4_field_lab_sakasa.scd",1,false,false,true,90,0
901,"music/ex4/bgm_ex4_field_lab_doc.scd",1,false,false,true,90,0
902,"music/ex4/bgm_ex4_event_23.scd",1,true,true,false,90,0
903,"music/ex4/bgm_ex4_event_24.scd",1,false,false,true,90,0
904,"music/ex4/bgm_ex4_event_25.scd",1,false,false,true,90,0
905,"music/ex4/bgm_ex4_town_o_event01.scd",1,false,false,true,90,0
906,"music/ex4/bgm_ex4_banfort_ark_good.scd",1,false,false,true,90,0
907,"music/ex4/bgm_ex4_ban_06.scd",1,false,false,true,90,0
908,"music/ffxiv/bgm_mks01.scd",1,false,false,true,90,0
909,"music/ffxiv/bgm_mks02.scd",1,false,false,true,90,0
910,"music/ffxiv/bgm_mks03.scd",1,false,false,true,90,0
911,"music/ex4/bgm_ex4_dan_d09.scd",1,false,false,true,90,0
912,"music/ex4/bgm_ex4_moe_01.scd",1,false,false,true,90,0
913,"music/ex4/bgm_ex4_moe_02.scd",1,false,false,true,90,0
914,"music/ex4/bgm_ex4_moe_03.scd",1,false,false,true,90,0
915,"music/ex4/bgm_ex4_moe_04.scd",1,false,false,true,90,0
916,"music/ex4/bgm_ex4_moe_05.scd",1,false,false,true,90,0
917,"music/ffxiv/bgm_ride_gdz.scd",1,false,false,true,90,2
918,"music/ex4/bgm_ex4_event_26.scd",1,true,true,false,90,0
919,"music/ffxiv/bgm_ride_ytc.scd",1,false,false,true,90,2
920,"music/ex4/bgm_ex4_event_soten.scd",1,false,false,true,90,0
921,"music/ex4/bgm_ex4_boss02.scd",1,false,false,true,90,0
922,"music/ex4/bgm_ex4_ban_nidhogg_02.scd",1,false,false,true,90,0
923,"music/ex4/bgm_ex4_event_dragonwar.scd",1,false,false,true,90,0
924,"music/ex4/bgm_ex4_dungeon_kyoko.scd",1,false,false,true,90,0
925,"music/ex4/bgm_ex4_event_27.scd",1,false,false,true,90,0
926,"music/ex4/bgm_ex4_ban_nidhogg_01.scd",1,false,false,true,90,0
927,"music/ex4/bgm_ex4_dungeon_mor_02.scd",1,false,false,true,90,0
928,"music/ex4/bgm_ex4_event_28.scd",1,false,false,true,90,0
929,"music/ex4/bgm_ex4_banfort_omi_good.scd",1,false,false,true,90,0
930,"music/ex4/bgm_ex4_ban_07.scd",1,false,false,true,90,0
931,"music/ffxiv/bgm_mji_01.scd",1,false,false,true,90,0
932,"music/ffxiv/bgm_mji_02.scd",1,false,true,true,120,0
933,"music/ex4/bgm_ex4_dan_d10.scd",1,false,false,true,90,0
934,"music/ex4/bgm_ex4_boss_battle03.scd",1,false,false,true,90,0
935,"music/ex4/bgm_ex4_vvd_01.scd",1,false,false,true,90,0
936,"music/ex4/bgm_ex4_vvd_02.scd",1,false,false,true,90,0
937,"music/ex4/bgm_ex4_raid_04.scd",1,false,false,true,90,0
938,"music/ex4/bgm_ex4_raid_05.scd",1,false,false,true,90,0
939,"music/ex4/bgm_ex4_raid_06.scd",1,false,false,true,90,0
940,"music/ex4/bgm_ex4_raid_07.scd",1,false,false,true,90,0
941,"music/ffxiv/bgm_ride_barb.scd",1,false,false,true,90,2
942,"music/ffxiv/bgm_ride_pandemonium02.scd",1,false,false,true,90,2
943,"music/ffxiv/bgm_ride_mji.scd",1,false,false,true,90,2
944,"music/ffxiv/bgm_ride_vvd01.scd",1,false,false,true,90,2
945,"music/ffxiv/bgm_ride_vvd02.scd",1,false,false,true,90,2
946,"music/ex4/bgm_ex4_event_29.scd",1,false,false,true,90,0
947,"",0,false,false,false,0,0
948,"",0,false,false,false,0,0
949,"music/ex4/bgm_ex4_ban_08.scd",1,false,false,true,90,0
950,"",0,false,false,false,0,0
951,"",0,false,false,false,0,0
952,"music/ex4/bgm_ex4_dan_d11.scd",1,false,false,true,90,0
953,"",0,false,false,false,0,0
954,"",0,false,false,false,0,0
955,"",0,false,false,false,0,0
956,"",0,false,false,false,0,0
957,"",0,false,false,false,0,0
958,"music/ex4/bgm_ex4_moe_06.scd",1,false,false,true,90,0
959,"music/ex4/bgm_ex4_moe_07.scd",1,false,false,true,90,0
960,"music/ex4/bgm_ex4_moe_08.scd",1,false,false,true,90,0
961,"music/ffxiv/bgm_ride_rubi.scd",1,false,false,true,90,2
962,"",0,false,false,false,0,0
963,"",0,false,false,false,0,0
964,"",0,false,false,false,0,0
